endTimeMillis	responseTime	latency	sentBytes	receivedBytes	isSuccessful	responseCode
1686832893.286	487	486	107	43	isSuccessful	200
1686832893.635	347	346	66	2591	isSuccessful	200
1686832893.821	182	138	77	84372	isSuccessful	200
1686832894.317	490	490	387	1486	isSuccessful	403
1686832894.502	183	182	112	1715	isSuccessful	200
1686832895.460	957	957	901	15	isSuccessful	400
1686832895.541	77	35	168	99251	isSuccessful	200
1686832895.870	326	326	115	13574	isSuccessful	200
1686832896.382	510	510	113	75	isSuccessful	200
1686832896.740	354	354	154	28	isSuccessful	200
1686832897.182	437	437	1167	0	isSuccessful	204
1686832897.382	199	199	79	351	isSuccessful	200
1686832897.499	115	115	136	186	isSuccessful	401
1686832897.844	343	343	123	186	isSuccessful	401
1686832897.949	101	101	149	186	isSuccessful	401
1686832898.443	493	493	1029	2	isSuccessful	200
1686832898.544	100	100	86	186	isSuccessful	401
1686832899.246	699	699	1982	186	isSuccessful	401
1686832900.563	1316	1316	181	57	isSuccessful	401
1686832900.662	98	98	1766	186	isSuccessful	401
1686832901.152	489	489	574	139	isSuccessful	200
1686832901.641	489	488	25572	1622	isSuccessful	401
1686832901.875	231	231	99	43	isSuccessful	200
1686832902.351	473	473	455	0	isSuccessful	200
1686832902.593	242	241	463	1566	isSuccessful	400
1686832963.895	61300	61300	70	0	isSuccessful	101
1686832964.425	528	528	282	1598	isSuccessful	401
1686833025.726	61300	61300	70	0	isSuccessful	101
1686833026.201	475	475	720	1596	isSuccessful	401
1686833026.966	764	361	258	1598	isSuccessful	400
1686833027.542	575	529	104	441783	isSuccessful	200
1686833028.083	540	540	258	1598	isSuccessful	400
1686833028.430	346	346	383	0	isSuccessful	200
1686833028.577	146	146	383	0	isSuccessful	200
1686833028.910	332	332	74	17	isSuccessful	200
1686833029.019	107	107	76	17	isSuccessful	200
1686833029.126	106	106	74	17	isSuccessful	200
1686833029.276	148	148	88	4420	isSuccessful	200
1686833030.128	849	849	77	0	isSuccessful	204
1686833030.226	97	97	74	17	isSuccessful	200
1686833030.326	98	98	74	17	isSuccessful	200
1686833030.811	483	483	145	15171	isSuccessful	200
1686833031.029	217	217	80	0	isSuccessful	204
1686833031.293	264	263	326	1596	isSuccessful	401
1686833046.611	15316	5315	70	2	isSuccessful	101
1686833047.290	679	679	87	0	isSuccessful	204
1686833047.506	214	214	71	0	isSuccessful	204
1686833047.957	451	451	104	7776	isSuccessful	200
1686833048.849	889	889	527	15	isSuccessful	400
1686833049.061	212	212	97	0	isSuccessful	204
1686833049.275	213	213	169	0	isSuccessful	204
1686833049.489	213	213	77	0	isSuccessful	204
1686833049.726	236	236	95	691	isSuccessful	200
1686833049.957	231	231	79	101	isSuccessful	200
1686833050.186	227	227	105	11	isSuccessful	200
1686833050.410	221	221	88	121	isSuccessful	200
1686833050.643	232	232	177	30	isSuccessful	200
1686833050.903	259	259	85	267	isSuccessful	200
1686833051.191	286	286	104	7832	isSuccessful	200
1686833051.405	213	213	103	0	isSuccessful	204
1686833051.632	227	227	111	247	isSuccessful	200
1686833052.009	376	375	373	461	isSuccessful	200
1686833052.371	362	362	107	43	isSuccessful	200
1686833054.627	2255	1120	270	472931	isSuccessful	200
1686833055.138	510	509	143	213	isSuccessful	401
1686833055.586	447	447	309	1596	isSuccessful	401
1686833055.620	33	33	99	43	isSuccessful	200
1686833055.957	337	337	1025	0	isSuccessful	200
1686833056.225	267	266	293	72	isSuccessful	200
1686833056.690	465	465	341	1596	isSuccessful	401
1686833057.108	417	416	332	1596	isSuccessful	401
1686833057.416	308	308	309	1596	isSuccessful	401
1686833058.383	966	966	1169	1598	isSuccessful	400
1686833058.794	410	410	341	1596	isSuccessful	401
1686833059.665	870	870	77	90	isSuccessful	200
1686833059.699	33	33	79	8	isSuccessful	200
1686833059.734	35	35	79	8	isSuccessful	200
1686833059.770	35	35	77	90	isSuccessful	200
1686833059.806	36	36	79	8	isSuccessful	200
1686833059.840	34	34	79	8	isSuccessful	200
1686833060.281	441	441	455	0	isSuccessful	200
1686833060.475	193	193	134	186	isSuccessful	401
1686833060.578	102	102	136	186	isSuccessful	401
1686833060.675	96	96	123	186	isSuccessful	401
1686833060.774	98	98	228	186	isSuccessful	401
1686833060.871	97	97	129	186	isSuccessful	401
1686833060.977	106	106	134	186	isSuccessful	401
1686833061.074	97	97	1766	186	isSuccessful	401
1686833122.381	61307	61307	70	0	isSuccessful	101
1686833122.743	361	360	410	46	isSuccessful	200
1686833123.518	775	775	1167	0	isSuccessful	204
1686833124.030	512	512	61	0	isSuccessful	204
1686833124.289	258	258	134	186	isSuccessful	401
1686833124.388	97	97	106	186	isSuccessful	401
1686833125.610	1221	1221	107	43	isSuccessful	200
1686833125.708	97	97	149	186	isSuccessful	401
1686833125.807	97	97	107	186	isSuccessful	401
1686833125.906	97	97	107	186	isSuccessful	401
1686833126.006	99	99	107	186	isSuccessful	401
1686833126.104	97	97	107	186	isSuccessful	401
1686833126.203	98	98	107	186	isSuccessful	401
1686833126.302	98	98	105	186	isSuccessful	401
1686833126.495	192	192	105	186	isSuccessful	401
1686833126.805	309	309	134	186	isSuccessful	401
1686833126.904	97	97	107	186	isSuccessful	401
1686833127.002	97	97	107	186	isSuccessful	401
1686833127.101	98	98	107	186	isSuccessful	401
1686833127.200	97	97	107	186	isSuccessful	401
1686833127.300	98	98	107	186	isSuccessful	401
1686833127.950	649	649	1024	2	isSuccessful	200
1686833127.985	34	34	99	43	isSuccessful	200
1686833128.143	157	157	95	43	isSuccessful	200
1686833129.991	1847	1847	1193	0	isSuccessful	200
1686833130.715	723	722	88426	1622	isSuccessful	401
1686833131.227	511	510	293	75	isSuccessful	200
1686833142.754	11526	11526	17021	132	isSuccessful	504
1686833143.621	866	866	332	1596	isSuccessful	401
1686833144.107	485	485	309	1596	isSuccessful	401
1686833144.382	274	274	341	1596	isSuccessful	401
1686833144.823	440	440	1024	2	isSuccessful	200
1686833145.028	205	205	134	186	isSuccessful	401
1686833145.126	97	97	106	186	isSuccessful	401
1686833145.233	106	106	149	186	isSuccessful	401
1686833145.332	98	98	134	186	isSuccessful	401
1686833146.545	1212	1212	1193	0	isSuccessful	200
1686833147.692	1146	1146	80	0	isSuccessful	204
1686833147.915	222	222	97	0	isSuccessful	204
1686833148.014	98	98	129	186	isSuccessful	401
1686833148.380	365	365	391	0	isSuccessful	200
1686833148.713	330	330	384	0	isSuccessful	200
1686833149.224	510	510	1193	0	isSuccessful	200
1686833149.546	321	321	76	17	isSuccessful	200
1686833149.647	100	100	74	17	isSuccessful	200
1686833149.746	98	98	88	4420	isSuccessful	200
1686833149.852	105	105	74	17	isSuccessful	200
1686833150.183	330	330	74	17	isSuccessful	200
1686833150.433	250	250	74	17	isSuccessful	200
1686833166.621	16187	6827	70	2	isSuccessful	101
1686833190.234	23614	23614	20346	122	isSuccessful	502
1686833190.576	340	270	103	441783	isSuccessful	200
1686833191.314	737	737	350	48	isSuccessful	401
1686833192.753	1437	1437	282	1598	isSuccessful	401
1686833193.011	257	257	332	1596	isSuccessful	401
1686833193.271	259	259	597	1596	isSuccessful	401
1686833193.629	357	357	341	1596	isSuccessful	401
1686833193.938	308	308	576	142	isSuccessful	200
1686833194.693	754	753	630	140	isSuccessful	200
1686833195.216	522	521	600	140	isSuccessful	200
1686833195.924	707	707	884	56	isSuccessful	401
1686833197.022	1096	1095	886	56	isSuccessful	401
1686833197.844	821	820	635	140	isSuccessful	200
1686833198.483	638	638	341	1596	isSuccessful	401
1686833198.974	490	490	443	1596	isSuccessful	401
1686833199.783	808	807	444	433	isSuccessful	401
1686833200.310	526	526	420	0	isSuccessful	200
1686833200.810	499	499	99	43	isSuccessful	200
1686833201.687	875	875	11318	1622	isSuccessful	401
1686833202.681	992	991	194914	1622	isSuccessful	401
1686833202.881	199	199	16980	1622	isSuccessful	401
1686833203.152	269	269	455	1596	isSuccessful	401
1686833203.307	154	154	107	43	isSuccessful	200
1686833203.580	272	271	293	74	isSuccessful	200
1686833203.776	195	195	1766	186	isSuccessful	401
1686833204.541	764	764	80	0	isSuccessful	204
1686833204.788	246	246	97	0	isSuccessful	204
1686833205.248	459	459	148	534	isSuccessful	200
1686833205.479	230	230	284	5430	isSuccessful	200
1686833207.779	2299	2299	79	57	isSuccessful	401
1686833208.139	359	359	181	57	isSuccessful	401
1686833270.074	61934	61933	70	0	isSuccessful	101
1686833271.196	1122	1003	584	372310	isSuccessful	200
1686833271.764	567	567	1167	0	isSuccessful	204
1686833272.291	526	526	332	1596	isSuccessful	401
1686833272.598	306	306	341	1596	isSuccessful	401
1686833273.272	673	673	309	1596	isSuccessful	401
1686833274.157	885	885	463	1566	isSuccessful	400
1686833274.499	341	271	103	441783	isSuccessful	200
1686833274.721	221	221	99	43	isSuccessful	200
1686833336.837	62114	62114	70	0	isSuccessful	101
1686833337.205	367	367	2638	1622	isSuccessful	401
1686833337.351	145	145	74	17	isSuccessful	200
1686833337.390	38	38	74	17	isSuccessful	200
1686833337.426	35	35	76	17	isSuccessful	200
1686833337.462	35	35	88	4420	isSuccessful	200
1686833337.498	35	34	74	17	isSuccessful	200
1686833337.533	35	35	74	17	isSuccessful	200
1686833338.894	1361	1361	80	0	isSuccessful	204
1686833339.616	721	721	97	0	isSuccessful	204
1686833356.679	17062	8178	70	2	isSuccessful	101
1686833358.343	1664	1663	117	1881	isSuccessful	200
1686833360.277	1933	1933	116	506	isSuccessful	200
1686833360.997	719	718	97	2513	isSuccessful	200
1686833361.730	732	731	98	49911	isSuccessful	200
1686833362.960	1228	1228	531	15	isSuccessful	400
1686833363.874	913	913	208	0	isSuccessful	204
1686833365.213	1338	1337	216	32718	isSuccessful	200
1686833366.315	1101	1100	293	74	isSuccessful	200
1686833366.805	489	489	351	0	isSuccessful	200
1686833428.853	62047	62047	70	0	isSuccessful	101
1686833429.762	908	908	341	1596	isSuccessful	401
1686833430.011	247	247	99	43	isSuccessful	200
1686833430.369	356	356	1324	0	isSuccessful	200
1686833430.525	155	155	107	43	isSuccessful	200
1686833491.850	61324	61323	70	0	isSuccessful	101
1686833492.049	199	199	1766	186	isSuccessful	401
1686833492.746	696	696	455	0	isSuccessful	200
1686833493.104	357	357	1167	0	isSuccessful	204
1686833493.722	618	618	2160	1622	isSuccessful	401
1686833494.132	409	408	463	1566	isSuccessful	400
1686833494.724	591	591	44409	1622	isSuccessful	401
1686833495.086	361	361	269	43	isSuccessful	200
1686833495.333	247	247	406	55	isSuccessful	200
1686833496.605	1271	1270	282	1598	isSuccessful	401
1686833496.840	234	234	414	0	isSuccessful	200
1686833497.097	257	257	332	1596	isSuccessful	401
1686833497.422	324	324	596	1596	isSuccessful	401
1686833497.797	374	374	341	1596	isSuccessful	401
1686833498.141	344	343	293	72	isSuccessful	200
1686833499.068	926	925	341	1596	isSuccessful	401
1686833499.581	513	512	576	140	isSuccessful	200
1686833500.826	1244	1244	884	56	isSuccessful	401
1686833501.403	576	575	600	139	isSuccessful	200
1686833501.948	545	544	630	139	isSuccessful	200
1686833502.566	618	618	1113	54	isSuccessful	200
1686833503.029	462	461	886	56	isSuccessful	401
1686833503.796	766	766	341	1596	isSuccessful	401
1686833504.554	757	757	634	140	isSuccessful	200
1686833505.169	614	614	455	0	isSuccessful	200
1686833506.808	1639	1638	443	1596	isSuccessful	401
1686833507.749	940	940	754	107	isSuccessful	200
1686833508.461	711	711	95	43	isSuccessful	200
1686833508.500	38	38	99	43	isSuccessful	200
1686833509.744	1242	1242	170	4260	isSuccessful	200
1686833510.496	751	751	4814	1622	isSuccessful	401
1686833571.750	61252	61252	70	0	isSuccessful	101
1686833572.105	354	353	7652	1622	isSuccessful	401
1686833572.280	174	173	16972	1622	isSuccessful	401
1686833573.088	807	807	182406	1622	isSuccessful	401
1686833574.274	1184	1184	455	1596	isSuccessful	401
1686833574.903	628	628	76	17	isSuccessful	200
1686833575.306	402	402	88	4420	isSuccessful	200
1686833575.408	101	101	74	17	isSuccessful	200
1686833575.511	102	102	74	17	isSuccessful	200
1686833575.609	97	97	74	17	isSuccessful	200
1686833575.708	98	98	74	17	isSuccessful	200
1686833597.125	21416	11496	70	2	isSuccessful	101
1686833597.897	771	512	104	441783	isSuccessful	200
1686833599.364	1466	1465	350	48	isSuccessful	401
1686833601.419	2054	2054	181	57	isSuccessful	401
1686833602.140	719	719	455	1596	isSuccessful	401
1686833602.758	616	616	341	1596	isSuccessful	401
1686833603.373	613	612	99	43	isSuccessful	200
1686833603.782	408	407	293	74	isSuccessful	200
1686833665.425	61642	61642	70	0	isSuccessful	101
1686833666.754	1328	1328	351	0	isSuccessful	200
1686833668.159	1405	1405	107	43	isSuccessful	200
1686833669.143	983	983	4769	1622	isSuccessful	401
1686833669.784	640	640	454	0	isSuccessful	200
1686833670.815	1031	1031	455	1596	isSuccessful	401
1686833671.265	449	449	463	1566	isSuccessful	400
1686833671.855	589	589	1766	186	isSuccessful	401
1686833672.707	851	851	1167	0	isSuccessful	204
1686833672.882	175	175	2170	1622	isSuccessful	401
1686833674.020	1137	368	335	0	isSuccessful	204
1686833674.487	466	466	341	1596	isSuccessful	401
1686833675.009	521	521	455	1596	isSuccessful	401
1686833675.502	492	492	99	43	isSuccessful	200
1686833675.870	366	366	3005	1622	isSuccessful	401
1686833676.764	892	892	511	1555	isSuccessful	400
1686833677.190	425	424	293	72	isSuccessful	200
1686833838.732	161541	161541	70	0	isSuccessful	101
1686833839.033	426	425	4585	1622	isSuccessful	401
1686833839.151	117	117	77	90	isSuccessful	200
1686833839.187	35	35	79	8	isSuccessful	200
1686833839.221	34	34	79	8	isSuccessful	200
1686833839.550	328	328	88	4420	isSuccessful	200
1686833839.652	101	101	74	17	isSuccessful	200
1686833839.766	113	113	74	17	isSuccessful	200
1686833839.870	103	103	76	17	isSuccessful	200
1686833839.971	100	100	74	17	isSuccessful	200
1686833840.082	110	110	74	17	isSuccessful	200
1686833840.385	302	302	148	534	isSuccessful	200
1686833840.582	196	196	148	534	isSuccessful	200
1686833840.820	237	237	284	5430	isSuccessful	200
1686833840.856	35	35	284	5430	isSuccessful	200
1686833842.477	1619	1619	79	57	isSuccessful	401
1686833842.734	256	177	103	441783	isSuccessful	200
1686833855.676	12941	2944	70	2	isSuccessful	101
1686833856.013	336	336	516	1555	isSuccessful	400
1686833857.119	1106	1106	341	1596	isSuccessful	401
1686833859.005	1886	1886	951	1749	isSuccessful	200
1686833862.115	3109	3109	1662	6410	isSuccessful	200
1686833862.339	223	223	99	43	isSuccessful	200
1686833862.929	589	589	722	0	isSuccessful	200
1686833864.014	1085	1084	112	24104	isSuccessful	200
1686833866.259	2244	2244	544	15	isSuccessful	400
1686833867.501	1242	1193	98	122538	isSuccessful	200
1686833868.453	951	951	107	0	isSuccessful	204
1686833868.971	517	517	133	0	isSuccessful	204
1686833869.690	718	718	115	31	isSuccessful	200
1686833870.929	1238	825	141	94496	isSuccessful	200
1686833872.036	1107	1106	91	2591	isSuccessful	200
1686833872.252	216	216	93	0	isSuccessful	204
1686833872.469	216	216	91	0	isSuccessful	204
1686833874.336	1867	1867	184	0	isSuccessful	204
1686833874.554	217	217	102	0	isSuccessful	204
1686833875.710	1155	1154	93	2591	isSuccessful	200
1686833876.499	788	787	93	2591	isSuccessful	200
1686833877.209	709	709	90	2591	isSuccessful	200
1686833878.442	1232	1232	147	2591	isSuccessful	200
1686833879.367	924	924	91	2591	isSuccessful	200
1686833880.116	748	748	92	2591	isSuccessful	200
1686833881.545	1428	1428	100	593	isSuccessful	200
1686833881.891	345	345	98	849	isSuccessful	200
1686833882.797	905	904	93	2591	isSuccessful	200
1686833883.095	298	298	110	5789	isSuccessful	200
1686833884.647	1551	1550	92	2591	isSuccessful	200
1686833885.373	725	725	170	2591	isSuccessful	200
1686833886.130	756	756	91	2591	isSuccessful	200
1686833888.123	1992	1992	91	2591	isSuccessful	200
1686833891.378	3254	1945	192	81843	isSuccessful	200
1686833892.142	763	763	90	2591	isSuccessful	200
1686833893.040	897	897	90	2591	isSuccessful	200
1686833893.679	638	638	93	2591	isSuccessful	200
1686833894.612	932	932	95	2591	isSuccessful	200
1686833895.262	649	649	95	2591	isSuccessful	200
1686833895.897	635	635	92	2591	isSuccessful	200
1686833896.604	706	706	148	2591	isSuccessful	200
1686833897.247	642	642	91	2591	isSuccessful	200
1686833897.879	631	631	92	2591	isSuccessful	200
1686833898.581	701	701	92	2591	isSuccessful	200
1686833899.007	425	424	462	1566	isSuccessful	400
1686833899.599	592	592	117	1332	isSuccessful	200
1686833899.977	377	377	117	3484	isSuccessful	200
1686833900.212	234	234	455	0	isSuccessful	200
